{
  "project_info": {
    "project_number": "1042797332539",
    "project_id": "tapappremota-50dd2",
    "storage_bucket": "tapappremota-50dd2.appspot.com"
  },
  "client": [
    {
      "client_info": {
        "mobilesdk_app_id": "1:1042797332539:android:3f628f313e02e44f74341e",
        "android_client_info": {
          "package_name": "com.example.tap_u5_ejercicio4"
        }
      },
      "oauth_client": [
        {
          "client_id": "1042797332539-9ig8tkl53uasu8ddn3lsg9g0olrj9phb.apps.googleusercontent.com",
          "client_type": 3
        }
      ],
      "api_key": [
        {
          "current_key": "AIzaSyAKuRtNdyl2flhnD9-wCJbaYIO6NtjelkA"
        }
      ],
      "services": {
        "appinvite_service": {
          "other_platform_oauth_client": [
            {
              "client_id": "1042797332539-9ig8tkl53uasu8ddn3lsg9g0olrj9phb.apps.googleusercontent.com",
              "client_type": 3
            }
          ]
        }
      }
    }
  ],
  "configuration_version": "1"
}